{
  "date": "2025-09-01",
  "tz": "Asia/Bangkok",
  "generated_at": "2025-09-01T00:10:00+07:00",
  "cards": {
    "sun": {
      "title": "คนเกิดอาทิตย์",
      "text": "วันนี้เด่นเรื่องภาวะผู้นำและการตัดสินใจ อย่ากลัวไฟหน้าเวที"
    },
    "mon": {
      "title": "คนเกิดจันทร์",
      "text": "โฟกัสบ้าน/อารมณ์ จัดสภาพแวดล้อมให้สบายก่อนคุยเรื่องใหญ่"
    },
    "tue": {
      "title": "คนเกิดอังคาร",
      "text": "พลังงานเยอะ เดินหน้าโครงการที่ต้องลุย แต่ระวังคำพูดแรง"
    },
    "wed": {
      "title": "คนเกิดพุธ",
      "text": "การสื่อสาร/เอกสารมาเป็นชุด เคลียร์งานเป็นก้อนจะเร็ว"
    },
    "thu": {
      "title": "คนเกิดพฤหัส",
      "text": "โอกาส/เครือข่ายเปิด ขยับเรื่องเรียน-กฎหมาย-ต่างประเทศ"
    },
    "fri": {
      "title": "คนเกิดศุกร์",
      "text": "เสน่ห์/การเงินเด่น ใช้ใจพาไปแต่คุมงบประมาณ"
    },
    "sat": {
      "title": "คนเกิดเสาร์",
      "text": "งานหนักแต่วางรากฐานได้จริง อย่ากังวลกับจังหวะช้า"
    }
  }
}